operation,coordinate_system,test_case,library,rows_returned,min,max,mean
cluster,0-based,1-2,polars_bio,198621,0.00813395797740668,0.010279332986101508,0.008919529708301914
cluster,0-based,2-1,polars_bio,438694,0.017149666033219546,0.037933540996164083,0.021188261843885163
cluster,0-based,3-7,polars_bio,1956864,0.06909587502013892,0.08122104202629998,0.07266944058106414
cluster,0-based,5-1,polars_bio,50980975,1.798239374998957,1.8888025420019403,1.84000986915115
cluster,0-based,7-3,polars_bio,1194285,0.060654708999209106,0.06833466701209545,0.06322448228352837
cluster,0-based,7-8,polars_bio,1194285,0.06045783299487084,0.06855358299799263,0.06204985699150711
cluster,0-based,8-7,polars_bio,9944559,0.490424916963093,0.5073300000512972,0.4986907558548929
cluster,1-based,1-2,polars_bio,198621,0.008045291993767023,0.008814083994366229,0.008372792001214944
cluster,1-based,2-1,polars_bio,438694,0.017436209018342197,0.02878883294761181,0.019409500137304088
cluster,1-based,3-7,polars_bio,1956864,0.06819820799864829,0.0828537080087699,0.0726158092812901
cluster,1-based,5-1,polars_bio,50980975,1.7525909160031006,1.8258085830020718,1.7993279879945996
cluster,1-based,7-3,polars_bio,1194285,0.06098883296363056,0.07309245801297948,0.0630661308449427
cluster,1-based,7-8,polars_bio,1194285,0.05910183297237381,0.06178887496935204,0.060302142694126815
cluster,1-based,8-7,polars_bio,9944559,0.4890102499630302,0.5006977089797147,0.4947974227086109
complement,0-based,1-2,polars_bio,198645,0.005728541989810765,0.007602999976370484,0.006321089284028858
complement,0-based,2-1,polars_bio,219998,0.009803167020436376,0.020740624982863665,0.011845523716017072
complement,0-based,3-7,polars_bio,25614,0.026297666947357357,0.038511333987116814,0.028481416853277812
complement,0-based,5-1,polars_bio,926968,0.6940392079995945,0.7652798329945654,0.7293450892819757
complement,0-based,7-3,polars_bio,308612,0.03496204101247713,0.036885457986500114,0.035790678429683406
complement,0-based,7-8,polars_bio,308612,0.03420737502165139,0.03560850000940263,0.03474841672661049
complement,0-based,8-7,polars_bio,18767,0.26878095901338384,0.2757233339943923,0.2725833574326576
complement,1-based,1-2,polars_bio,198645,0.005850250017829239,0.006571332982275635,0.006143297576012888
complement,1-based,2-1,polars_bio,219942,0.00901383301243186,0.02816175000043586,0.011983517723690187
complement,1-based,3-7,polars_bio,25606,0.025381417013704777,0.03424429096048698,0.02708382729075051
complement,1-based,5-1,polars_bio,776555,0.6704377499991097,0.7505635829875246,0.7156549462649439
complement,1-based,7-3,polars_bio,308504,0.03448566695442423,0.03548595798201859,0.03492626200230526
complement,1-based,7-8,polars_bio,308504,0.03420362499309704,0.03553833399200812,0.03504635142495057
complement,1-based,8-7,polars_bio,18763,0.2715208749868907,0.2893754999968223,0.2768557498514253
count_overlaps,0-based,1-2,polars_bio,198621,0.015451249957550317,0.02126179198967293,0.016840232137058462
count_overlaps,0-based,2-1,polars_bio,438694,0.015226209012325853,0.02379524998832494,0.017118815723474005
count_overlaps,0-based,3-7,polars_bio,1956864,0.09782054100651294,0.10766204202082008,0.10234569043054112
count_overlaps,0-based,7-3,polars_bio,1194285,0.08535570901585743,0.09642000001622364,0.08816918443855164
count_overlaps,0-based,7-8,polars_bio,1194285,0.08398566697724164,0.09032224997645244,0.08729340485297143
count_overlaps,0-based,8-7,polars_bio,9944559,0.7282167919911444,0.8053064170526341,0.7569092681431877
count_overlaps,1-based,1-2,polars_bio,198621,0.014508332998957485,0.020199083955958486,0.015904541717775698
count_overlaps,1-based,2-1,polars_bio,438694,0.01485454203793779,0.01787304098252207,0.015941434581431428
count_overlaps,1-based,3-7,polars_bio,1956864,0.10369254101533443,0.1059205419733189,0.10444944042579404
count_overlaps,1-based,7-3,polars_bio,1194285,0.08328741602599621,0.08541391597827896,0.08415062499365636
count_overlaps,1-based,7-8,polars_bio,1194285,0.08358512504491955,0.0941164999967441,0.08618655943843935
count_overlaps,1-based,8-7,polars_bio,9944559,0.7317424169741571,0.7999123340123333,0.7585967145777042
coverage,0-based,1-2,polars_bio,198621,0.01699920796090737,0.03151783300563693,0.019757654434735223
coverage,0-based,2-1,polars_bio,438694,0.02488879201700911,0.027027416974306107,0.02565865486394614
coverage,0-based,3-7,polars_bio,1956864,0.11954712501028553,0.12374087498756126,0.12168009527626314
coverage,0-based,7-3,polars_bio,1194285,0.0642916249926202,0.07261237496277317,0.06759877971905683
coverage,0-based,7-8,polars_bio,1194285,0.06454270798712969,0.06857874995330349,0.06651587484936629
coverage,0-based,8-7,polars_bio,9944559,1.2060499169747345,1.275178457959555,1.2333648272823277
coverage,1-based,1-2,polars_bio,198621,0.01803099998505786,0.018967459036502987,0.01842479155831305
coverage,1-based,2-1,polars_bio,438694,0.023917416983749717,0.034205792006105185,0.026303619138031666
coverage,1-based,3-7,polars_bio,1956864,0.11728220799705014,0.12123208399862051,0.1197327204364618
coverage,1-based,7-3,polars_bio,1194285,0.06510379200335592,0.06812208303017542,0.0664693035817306
coverage,1-based,7-8,polars_bio,1194285,0.06582637503743172,0.06813820800743997,0.06675801800364363
coverage,1-based,8-7,polars_bio,9944559,1.2025118339806795,1.263592666015029,1.2247197321183714
merge,0-based,1-2,polars_bio,198621,0.005845332983881235,0.006533999985549599,0.00613529170264623
merge,0-based,2-1,polars_bio,220052,0.009733375045470893,0.02583679201779887,0.012210922573493528
merge,0-based,3-7,polars_bio,25611,0.026512791984714568,0.036561875022016466,0.029609113291371614
merge,0-based,5-1,polars_bio,1632858,0.714744166994933,0.8001980420085602,0.7487074108628023
merge,0-based,7-3,polars_bio,308903,0.036455166002269834,0.03723758301930502,0.03694798800695155
merge,0-based,7-8,polars_bio,308903,0.03649633302120492,0.03796149999834597,0.037083797431218306
merge,0-based,8-7,polars_bio,18699,0.27986454201163724,0.295124833995942,0.28537457758959917
merge,1-based,1-2,polars_bio,198621,0.005992084043100476,0.006773292028810829,0.006428911009736892
merge,1-based,2-1,polars_bio,219974,0.00930916698416695,0.020428291987627745,0.011276607135576861
merge,1-based,3-7,polars_bio,25590,0.025910541997291148,0.036565457994583994,0.028629452580519552
merge,1-based,5-1,polars_bio,926944,0.7145814590039663,0.7885706659872085,0.753645779856015
merge,1-based,7-3,polars_bio,308558,0.03641504200641066,0.03755958302645013,0.037003303437294174
merge,1-based,7-8,polars_bio,308558,0.03669795795576647,0.038262250018306077,0.03732495199489806
merge,1-based,8-7,polars_bio,18698,0.2786155830253847,0.2947106250212528,0.28318935114657506
nearest,0-based,1-2,polars_bio,198621,0.030022791004739702,0.06219229195266962,0.03995416057296097
nearest,0-based,2-1,polars_bio,438694,0.032721374998800457,0.08226983301574364,0.0473442142829299
nearest,0-based,3-7,polars_bio,1956864,0.21925600001122802,0.2872724999906495,0.2474933572812006
nearest,0-based,7-3,polars_bio,1194285,0.1925637079984881,0.20180675003211945,0.1954849224338042
nearest,0-based,7-8,polars_bio,1194285,0.19560695899417624,0.20341833401471376,0.19895908329635859
nearest,0-based,8-7,polars_bio,9944559,2.636178624990862,2.964642458013259,2.7384690297185443
nearest,1-based,1-2,polars_bio,198621,0.029034333012532443,0.04848204203881323,0.033776012008144916
nearest,1-based,2-1,polars_bio,438694,0.03297554096207023,0.03640120796626434,0.0340194105603067
nearest,1-based,3-7,polars_bio,1956864,0.21924570901319385,0.22858895896933973,0.2234054702816398
nearest,1-based,7-3,polars_bio,1194285,0.19166754197794944,0.20645487500587478,0.19871160742228053
nearest,1-based,7-8,polars_bio,1194285,0.194807416992262,0.2072962499805726,0.20084193456152985
nearest,1-based,8-7,polars_bio,9944559,2.511727041041013,2.7425239169970155,2.643847702278955
overlap,0-based,1-2,polars_bio,54246,0.025570457975845784,0.05310333403758705,0.03269826185091266
overlap,0-based,2-1,polars_bio,54246,0.03137079096632078,0.03395145898684859,0.032680821422088356
overlap,0-based,3-7,polars_bio,4408383,0.18571125000016764,0.19984583399491385,0.18973090486334904
overlap,0-based,7-3,polars_bio,4408383,0.17779854097170755,0.1843170000356622,0.18046676758344152
overlap,0-based,7-8,polars_bio,4408383,0.1761948749772273,0.18668295798124745,0.18041749413324787
overlap,0-based,8-7,polars_bio,307184634,3.7541063749813475,4.583596874959767,4.19574232757025
overlap,1-based,1-2,polars_bio,54343,0.023733499983791262,0.046766582992859185,0.028325005850222493
overlap,1-based,2-1,polars_bio,54343,0.030206666968297213,0.06073304096935317,0.0384936604199798
overlap,1-based,3-7,polars_bio,4410928,0.18631383404135704,0.24408929102355614,0.19789752986980602
overlap,1-based,7-3,polars_bio,4410928,0.17971720901550725,0.19208545796573162,0.18700601199608563
overlap,1-based,7-8,polars_bio,4410928,0.17845950002083555,0.1818877499899827,0.18044302386364766
overlap,1-based,8-7,polars_bio,307298602,3.9329477080027573,4.524768874980509,4.3291286548483185
subtract,0-based,1-2,polars_bio,209940,0.013056042022071779,0.01423283404437825,0.013564291576455747
subtract,0-based,2-1,polars_bio,415402,0.016040457994677126,0.02910599997267127,0.019767613133548627
subtract,0-based,3-7,polars_bio,2801904,0.10806941596092656,0.1156227919855155,0.11064841069414147
subtract,0-based,5-1,polars_bio,50505128,1.436398999998346,1.510901624977123,1.4744869881459246
subtract,0-based,7-3,polars_bio,320492,0.4195072080474347,0.4347435829695314,0.4264028985801685
subtract,0-based,7-8,polars_bio,320492,0.41384649998508394,0.43025841598864645,0.42201404156263117
subtract,0-based,8-7,polars_bio,38294125,1.0386119580361992,1.094085167045705,1.071749999869748
subtract,1-based,1-2,polars_bio,209930,0.013260167033877224,0.014600791968405247,0.013879452416274165
subtract,1-based,2-1,polars_bio,415402,0.016814749978948385,0.029138125013560057,0.020298875144882395
subtract,1-based,3-7,polars_bio,2801596,0.10917504195822403,0.12061691598501056,0.11312196427856439
subtract,1-based,5-1,polars_bio,50505128,1.4532404170022346,1.5545483329915442,1.5014144881445515
subtract,1-based,7-3,polars_bio,320492,0.5185500839725137,0.5273931249976158,0.520372928843634
subtract,1-based,7-8,polars_bio,320492,0.5188488749554381,0.5245624580420554,0.5214772677281871
subtract,1-based,8-7,polars_bio,38248118,1.138553333003074,1.1857474169810303,1.152230964424754
